epoch,train_loss,train_dice,train_iou,train_precision,train_recall,train_tp,train_fp,train_fn,train_tn,learning_rate,val_loss,val_dice,val_iou,val_precision,val_recall,val_tp,val_fp,val_fn,val_tn,is_best,best_val_dice
1,0.9143894107001168,0.6626811772246273,0.4955296866676472,0.6190154018523683,0.7129749222734304,5016637,3087583,2019567,35751413,0.0001,0.7105059281984965,0.7740675323245977,0.6314112340889174,0.7348652785083215,0.817688065249372,1237835,446603,275988,7869974,True,0.7740675323245977
2,0.6080743047169277,0.8065184351535982,0.6757694956581882,0.7941458924248392,0.8192825998623965,5764601,1494268,1271556,37344775,0.0001,0.5453139972686768,0.825136082462076,0.7023248140867694,0.8179718611557373,0.8324269085619653,1260147,280428,253676,8036149,True,0.825136082462076
3,0.4740499782562256,0.8430858009499278,0.7287366700505318,0.8529554051447703,0.8334419878156327,5864152,1010946,1171913,37828189,0.0001,0.4098487671216329,0.8590812864181658,0.7529732628551078,0.8859239212064127,0.833817427797041,1262252,162534,251571,8154043,True,0.8590812864181658
4,0.3851508683817727,0.8684559755663765,0.7674964091662881,0.8743989004844517,0.8625932884731162,6070684,872010,967029,37965477,0.0001,0.43890092213948567,0.8281007179868379,0.7066313041546323,0.8161549041696283,0.8404014207737629,1272219,286577,241604,8030000,False,0.8590812864181658
5,0.3266349353109087,0.8785384072031812,0.7833869771787634,0.8937360781064372,0.8638489564009729,6076996,722546,957794,38117864,0.0001,0.30211925745010376,0.8771826022704327,0.7812335327580164,0.9151557565317255,0.8422351886581192,1274995,118205,238828,8198372,True,0.8771826022704327
6,0.2928400455202375,0.8882056450524353,0.7988938251933521,0.9002975404316701,0.8764342574040521,6168999,683179,869748,38153274,0.0001,0.30257059733072916,0.8776449861083131,0.7819673590312044,0.8789868593328422,0.8763072036823327,1326574,182634,187249,8133943,True,0.8776449861083131
7,0.25711157066481455,0.9024887824460115,0.8223048366260698,0.9168484478682023,0.8885719825618124,6250816,566904,783860,38273620,0.0001,0.3103709403673808,0.8662933918824699,0.764124850009397,0.8598078907676431,0.8728774764288824,1321382,215452,192441,8101125,False,0.8776449861083131
8,0.24992219746112823,0.8932569806904724,0.8071042374839245,0.9140191639352264,0.8734170842551188,6141558,577730,890086,38265826,0.0001,0.3139419722557068,0.837041592008745,0.7197519586745522,0.9134825640941509,0.7724060210473748,1169286,110745,344537,8205832,False,0.8776449861083131
9,0.23391366711684636,0.9020285100121209,0.8215409218158103,0.9088560224484014,0.8953028120658726,6300339,631825,736765,38206271,0.0001,0.29259762048721316,0.8656829128012399,0.7631754141507974,0.8856253817854152,0.8466187922894552,1281631,165517,232192,8151060,False,0.8776449861083131
10,0.21138826080730982,0.9114001760327347,0.8372224172435113,0.9254560532016519,0.8977648740084243,6315450,508699,719187,38331864,0.0001,0.2979414463043213,0.8691486737596816,0.7685790816103955,0.8654756220332778,0.872853034998147,1321345,205382,192478,8111195,False,0.8776449861083131
11,0.18356304841382162,0.9240609572135312,0.8588413659758981,0.9269285788956521,0.9212110238250528,6481638,510959,554359,38328244,5e-05,0.2544984944661458,0.8847244875889867,0.7932788604641564,0.9071798929679529,0.8633539059718343,1306965,133725,206858,8182852,True,0.8847244875889867
12,0.16052438233579908,0.9337631650163458,0.8757558680953474,0.9410677644166335,0.926571089292273,6516164,408060,516393,38434583,5e-05,0.2486842679977417,0.8881129762685184,0.7987438987173537,0.8999597147751827,0.8765740776827938,1326978,147508,186845,8169069,True,0.8881129762685184
13,0.15876102370875222,0.9330859791530783,0.8745652985349186,0.9372620583962264,0.9289469488399615,6537087,437576,500007,38400530,5e-05,0.31556311329205833,0.8529316102625223,0.7435752025715985,0.8297869549083086,0.8774044257485849,1328235,272459,185588,8044118,False,0.8881129762685184
14,0.15166526343141284,0.9381160825513533,0.8834450424725647,0.9479763885011182,0.9284587874780482,6529340,358321,503110,38484429,5e-05,0.24619839668273927,0.886855704009483,0.7967122566264655,0.9160639061136924,0.8594525251631135,1301059,119212,212764,8197365,False,0.8881129762685184
15,0.13511727835450854,0.9452946353318131,0.8962641767060749,0.9521117530873313,0.9385744446704843,6602080,332064,432077,38508979,5e-05,0.24959570089975994,0.8901841076225028,0.8021007031314992,0.9301859624619327,0.8534808891131922,1292019,96971,221804,8219606,True,0.8901841076225028
16,0.13833032982689994,0.943718887354084,0.8934353516841073,0.9479853777288538,0.9394906283353823,6607897,362566,425592,38479145,5e-05,0.24750828742980957,0.8901841354726732,0.8021007483541468,0.9152248965944549,0.8664771244722798,1311693,121499,202130,8195078,False,0.8901841076225028
17,0.13306823138679777,0.9449508201473015,0.8956462297608074,0.9490319730186562,0.940904617605151,6617990,355421,415656,38486133,5e-05,0.2650937036673228,0.8886275725840714,0.7995767671240819,0.9031332987258205,0.8745804496298445,1323960,142003,189863,8174574,False,0.8901841076225028
18,0.11907523036003113,0.9520801758149026,0.9085429570485286,0.9549650135685016,0.9492127150830844,6679159,314981,357366,38523694,5e-05,0.27979842901229857,0.8716982305867649,0.7725754352402417,0.9255288672770238,0.8237852113490151,1247065,100343,266758,8216234,False,0.8901841076225028
19,0.12239448462213788,0.9487573256384331,0.9025102849963976,0.9531357207731368,0.9444189724073151,6642908,326622,390949,38514721,5e-05,0.25350832581520083,0.8934067543660112,0.8073488229671609,0.9133329975110045,0.874331411268028,1323583,125596,190240,8190981,True,0.8934067543660112
20,0.11527815980570658,0.9507296567464321,0.9060864655703679,0.9541896407733734,0.9472946745346779,6663320,319904,370732,38521244,5e-05,0.2875592374801636,0.8790327189550482,0.7841733954407882,0.8949912478444779,0.8636333309772675,1307388,153395,206435,8163182,False,0.8934067543660112
21,0.11617763608694076,0.9517093173069313,0.9078677632257315,0.9547721713240399,0.9486660513701956,6673952,316147,361139,38523962,5e-05,0.275112708012263,0.871540350805523,0.7723274389364745,0.9333785421879326,0.8173868411300397,1237379,88320,276444,8228257,False,0.8934067543660112
22,0.11148217294897352,0.953009732644365,0.9102374323415298,0.9578089101754804,0.9482584086587772,6672389,293916,364078,38544817,5e-05,0.25471408923467,0.8977634135250631,0.8144924824135991,0.9103281739885087,0.8855407798666026,1340552,132051,173271,8184526,True,0.8977634135250631
23,0.10478486435753959,0.9566271529272959,0.9168603108766126,0.9589011401713149,0.95436392546646,6715084,287811,321104,38551201,5e-05,0.2759922595818837,0.884950176333304,0.7936418243834706,0.9021262579301494,0.868415924450877,1314628,142627,199195,8173950,False,0.8977634135250631
24,0.10279825589486531,0.9571524516736648,0.917825863626757,0.9606753204357239,0.9536553257608534,6709587,274653,326065,38564895,5e-05,0.2716750907897949,0.8845873501416621,0.7930583809086336,0.908163293705739,0.8622044981480662,1305225,131989,208598,8184588,False,0.8977634135250631
25,0.09569780055965696,0.9604599499751864,0.9239277985992559,0.959953427518098,0.9609670072508212,6764044,282177,274745,38554234,5e-05,0.3068319781621297,0.8673932613855115,0.7658379840178144,0.9400723614338701,0.80514564780691,1218848,77699,294975,8238878,False,0.8977634135250631
26,0.10168872714042664,0.9584270402650765,0.9201727361557012,0.9609831999291305,0.9558844429992018,6725710,273070,310402,38566018,5e-05,0.26801953673362733,0.8868601422928298,0.796719420432552,0.9018692705740302,0.872342407269542,1320572,143689,193251,8172888,False,0.8977634135250631
27,0.09314108329159873,0.9610756797241267,0.925068035243342,0.9656070664628831,0.9565866239860814,6729783,239701,305422,38600294,2.5e-05,0.26963146090507506,0.8841484962226488,0.7923531878835604,0.9140684453553628,0.8561251876870678,1296022,121839,217801,8194738,False,0.8977634135250631
28,0.08989158885819572,0.9624552578764569,0.9276277145471331,0.9635704937257453,0.9613426005892046,6762304,255661,271925,38585310,2.5e-05,0.27059434294700624,0.8843628497547757,0.7926975626084046,0.909678261938418,0.8604182919667623,1302521,129327,211302,8187250,False,0.8977634135250631
29,0.08931848057678768,0.9623785552896096,0.9274852213161595,0.9626333016606947,0.962123943712416,6769582,262776,266499,38576343,2.5e-05,0.26606066068013506,0.886344814842241,0.7958880151190448,0.9122899883154942,0.8618345737909914,1304665,125434,209158,8191143,False,0.8977634135250631
30,0.08384847775101661,0.9650546106021215,0.9324691143013654,0.9666742964387504,0.9634403433310469,6778325,233680,257217,38605978,2.5e-05,0.2620357469717662,0.8906280457822597,0.8028218510447878,0.909798717463756,0.8722486050218553,1320430,130913,193393,8185664,False,0.8977634135250631
31,0.08294882731778282,0.964942853183,0.9322604613188606,0.9642222031036292,0.9656645812814676,6791744,252010,241489,38589957,1.25e-05,0.2715829960505168,0.8865303296658544,0.7961872274435746,0.9115973860916794,0.8628049646491036,1306134,126663,207689,8189914,False,0.8977634135250631
32,0.08082988841193063,0.9666872204053021,0.9355223698912069,0.9676286315454843,0.9657476392926777,6793799,227282,240957,38613162,1.25e-05,0.2615219056606293,0.8907852788378173,0.8030774040796129,0.921609620316463,0.8619561203654589,1304849,110988,208974,8205589,False,0.8977634135250631
